20182693,구스범스: 몬스터의 역습,Goosebumps 2: Haunted Halloween,,20181107,89,판타지,아리 산델,12세이상관람가,잭 블랙,켄 정
20182693,구스범스: 몬스터의 역습,Goosebumps 2: Haunted Halloween,,20181107,89,판타지,아리 산델,12세이상관람가,잭 블랙,켄 정
20182693,구스범스: 몬스터의 역습,Goosebumps 2: Haunted Halloween,,20181107,89,판타지,아리 산델,12세이상관람가,잭 블랙,켄 정
20182693,구스범스: 몬스터의 역습,Goosebumps 2: Haunted Halloween,,20181107,89,판타지,아리 산델,12세이상관람가,잭 블랙,켄 정
20182693,구스범스: 몬스터의 역습,Goosebumps 2: Haunted Halloween,,20181107,89,판타지,아리 산델,12세이상관람가,잭 블랙,켄 정
20182693,구스범스: 몬스터의 역습,Goosebumps 2: Haunted Halloween,,20181107,89,판타지,아리 산델,12세이상관람가,잭 블랙,켄 정
20182693,구스범스: 몬스터의 역습,Goosebumps 2: Haunted Halloween,,20181107,89,판타지,아리 산델,12세이상관람가,잭 블랙,켄 정
20182693,구스범스: 몬스터의 역습,Goosebumps 2: Haunted Halloween,,20181107,89,판타지,아리 산델,12세이상관람가,잭 블랙,켄 정
20182693,구스범스: 몬스터의 역습,Goosebumps 2: Haunted Halloween,,20181107,89,판타지,아리 산델,12세이상관람가,잭 블랙,켄 정
20182693,구스범스: 몬스터의 역습,Goosebumps 2: Haunted Halloween,,20181107,89,판타지,아리 산델,12세이상관람가,잭 블랙,켄 정
20182693,구스범스: 몬스터의 역습,Goosebumps 2: Haunted Halloween,,20181107,89,판타지,아리 산델,12세이상관람가,잭 블랙,켄 정
20182693,구스범스: 몬스터의 역습,Goosebumps 2: Haunted Halloween,,20181107,89,판타지,아리 산델,12세이상관람가,잭 블랙,켄 정
20182693,구스범스: 몬스터의 역습,Goosebumps 2: Haunted Halloween,,20181107,89,판타지,아리 산델,12세이상관람가,잭 블랙,켄 정
20182693,구스범스: 몬스터의 역습,Goosebumps 2: Haunted Halloween,,20181107,89,판타지,아리 산델,12세이상관람가,잭 블랙,켄 정
20182693,구스범스: 몬스터의 역습,Goosebumps 2: Haunted Halloween,,20181107,89,판타지,아리 산델,12세이상관람가,잭 블랙,켄 정
20182693,구스범스: 몬스터의 역습,Goosebumps 2: Haunted Halloween,,20181107,89,판타지,아리 산델,12세이상관람가,잭 블랙,켄 정
20182693,구스범스: 몬스터의 역습,Goosebumps 2: Haunted Halloween,,20181107,89,판타지,아리 산델,12세이상관람가,잭 블랙,켄 정
20182693,구스범스: 몬스터의 역습,Goosebumps 2: Haunted Halloween,,20181107,89,판타지,아리 산델,12세이상관람가,잭 블랙,켄 정
20182693,구스범스: 몬스터의 역습,Goosebumps 2: Haunted Halloween,,20181107,89,판타지,아리 산델,12세이상관람가,잭 블랙,켄 정
20182693,구스범스: 몬스터의 역습,Goosebumps 2: Haunted Halloween,,20181107,89,판타지,아리 산델,12세이상관람가,잭 블랙,켄 정
20182693,구스범스: 몬스터의 역습,Goosebumps 2: Haunted Halloween,,20181107,89,판타지,아리 산델,12세이상관람가,잭 블랙,켄 정
20182693,구스범스: 몬스터의 역습,Goosebumps 2: Haunted Halloween,,20181107,89,판타지,아리 산델,12세이상관람가,잭 블랙,켄 정
20182693,구스범스: 몬스터의 역습,Goosebumps 2: Haunted Halloween,,20181107,89,판타지,아리 산델,12세이상관람가,잭 블랙,켄 정
20182693,구스범스: 몬스터의 역습,Goosebumps 2: Haunted Halloween,,20181107,89,판타지,아리 산델,12세이상관람가,잭 블랙,켄 정
20182693,구스범스: 몬스터의 역습,Goosebumps 2: Haunted Halloween,,20181107,89,판타지,아리 산델,12세이상관람가,잭 블랙,켄 정
20182693,구스범스: 몬스터의 역습,Goosebumps 2: Haunted Halloween,,20181107,89,판타지,아리 산델,12세이상관람가,잭 블랙,켄 정
20182693,구스범스: 몬스터의 역습,Goosebumps 2: Haunted Halloween,,20181107,89,판타지,아리 산델,12세이상관람가,잭 블랙,켄 정
20182693,구스범스: 몬스터의 역습,Goosebumps 2: Haunted Halloween,,20181107,89,판타지,아리 산델,12세이상관람가,잭 블랙,켄 정
20182693,구스범스: 몬스터의 역습,Goosebumps 2: Haunted Halloween,,20181107,89,판타지,아리 산델,12세이상관람가,잭 블랙,켄 정
20182693,구스범스: 몬스터의 역습,Goosebumps 2: Haunted Halloween,,20181107,89,판타지,아리 산델,12세이상관람가,잭 블랙,켄 정
20182693,구스범스: 몬스터의 역습,Goosebumps 2: Haunted Halloween,,20181107,89,판타지,아리 산델,12세이상관람가,잭 블랙,켄 정
20182693,구스범스: 몬스터의 역습,Goosebumps 2: Haunted Halloween,,20181107,89,판타지,아리 산델,12세이상관람가,잭 블랙,켄 정
20182693,구스범스: 몬스터의 역습,Goosebumps 2: Haunted Halloween,,20181107,89,판타지,아리 산델,12세이상관람가,잭 블랙,켄 정
20182693,구스범스: 몬스터의 역습,Goosebumps 2: Haunted Halloween,,20181107,89,판타지,아리 산델,12세이상관람가,잭 블랙,켄 정
20182693,구스범스: 몬스터의 역습,Goosebumps 2: Haunted Halloween,,20181107,89,판타지,아리 산델,12세이상관람가,잭 블랙,켄 정
20182693,구스범스: 몬스터의 역습,Goosebumps 2: Haunted Halloween,,20181107,89,판타지,아리 산델,12세이상관람가,잭 블랙,켄 정
20182693,구스범스: 몬스터의 역습,Goosebumps 2: Haunted Halloween,,20181107,89,판타지,아리 산델,12세이상관람가,잭 블랙,켄 정
20182693,구스범스: 몬스터의 역습,Goosebumps 2: Haunted Halloween,,20181107,89,판타지,아리 산델,12세이상관람가,잭 블랙,켄 정
20182693,구스범스: 몬스터의 역습,Goosebumps 2: Haunted Halloween,,20181107,89,판타지,아리 산델,12세이상관람가,잭 블랙,켄 정
20182693,구스범스: 몬스터의 역습,Goosebumps 2: Haunted Halloween,,20181107,89,판타지,아리 산델,12세이상관람가,잭 블랙,켄 정
20182693,구스범스: 몬스터의 역습,Goosebumps 2: Haunted Halloween,,20181107,89,판타지,아리 산델,12세이상관람가,잭 블랙,켄 정
20182693,구스범스: 몬스터의 역습,Goosebumps 2: Haunted Halloween,,20181107,89,판타지,아리 산델,12세이상관람가,잭 블랙,켄 정
20182693,구스범스: 몬스터의 역습,Goosebumps 2: Haunted Halloween,,20181107,89,판타지,아리 산델,12세이상관람가,잭 블랙,켄 정
